{"cameraMode":{"drawMode":0,"name":"Shaded","section":"Shading Mode"},"sceneLighting":true,"audioPlay":false,"sceneViewState":{"showFog":true,"showMaterialUpdate":false,"showSkybox":true,"showFlares":true,"showImageEffects":true,"showParticleSystems":true},"in2DMode":false,"pivot":{"x":555.9700927734375,"y":290.6383056640625,"z":31.193115234375},"rotation":{"x":-0.030291957780718805,"y":0.030577922239899637,"z":-0.000927329296246171,"w":-0.9990728497505188},"size":1927.251220703125,"orthographic":false}